studentid,firstname,lastname,departmentid,doj,dob,mobileno,email
1,kamal,raja,1,05-12-2021,05-12-2021,8765432190,dgiv@gmail.com
2,raja,hiris,4,05-12-2021,05-12-2021,7896543527,rakesh@gmail.com
3,Philip,Alexis,6,05-10-2018,05-10-2018,9000090098,x.x@perficient.com
4,James,Mary,1,05-10-2018,05-10-2018,9000090000,x.x@perficient.com
5,Robert,Patricia,2,05-10-2018,05-10-2018,9000090001,x.x@perficient.com
6,John,Jennifer,3,05-10-2018,05-10-2018,9000090002,x.x@perficient.com
7,Michael,Linda,4,05-10-2018,05-10-2018,9000090003,x.x@perficient.com
8,William,Elizabeth,5,05-10-2018,05-10-2018,9000090004,x.x@perficient.com
9,David,Barbara,6,05-10-2018,05-10-2018,9000090005,x.x@perficient.com
10,Richard,Susan,1,05-10-2018,05-10-2018,9000090006,x.x@perficient.com
11,Joseph,Jessica,2,05-10-2018,05-10-2018,9000090007,x.x@perficient.com
12,Thomas,Sarah,3,05-10-2018,05-10-2018,9000090008,x.x@perficient.com
13,Charles,Karen,4,05-10-2018,05-10-2018,9000090009,x.x@perficient.com
14,Christopher,Nancy,5,05-10-2018,05-10-2018,9000090010,x.x@perficient.com
15,Daniel,Lisa,6,05-10-2018,05-10-2018,9000090011,x.x@perficient.com
16,Matthew,Betty,1,05-10-2018,05-10-2018,9000090012,x.x@perficient.com
17,Anthony,Margaret,2,05-10-2018,05-10-2018,9000090013,x.x@perficient.com
18,Mark,Sandra,3,05-10-2018,05-10-2018,9000090014,x.x@perficient.com
19,Donald,Ashley,4,05-10-2018,05-10-2018,9000090015,x.x@perficient.com
20,Steven,Kimberly,5,05-10-2018,05-10-2018,9000090016,x.x@perficient.com
21,Paul,Emily,6,05-10-2018,05-10-2018,9000090017,x.x@perficient.com
22,Andrew,Donna,1,05-10-2018,05-10-2018,9000090018,x.x@perficient.com
23,Joshua,Michelle,2,05-10-2018,05-10-2018,9000090019,x.x@perficient.com
24,Kenneth,Dorothy,3,05-10-2018,05-10-2018,9000090020,x.x@perficient.com
25,Kevin,Carol,4,05-10-2018,05-10-2018,9000090021,x.x@perficient.com
26,Brian,Amanda,5,05-10-2018,05-10-2018,9000090022,x.x@perficient.com
27,George,Melissa,6,05-10-2018,05-10-2018,9000090023,x.x@perficient.com
28,Edward,Deborah,1,05-10-2018,05-10-2018,9000090024,x.x@perficient.com
29,Ronald,Stephanie,2,05-10-2018,05-10-2018,9000090025,x.x@perficient.com
30,Timothy,Rebecca,3,05-10-2018,05-10-2018,9000090026,x.x@perficient.com
31,Jason,Sharon,4,05-10-2018,05-10-2018,9000090027,x.x@perficient.com
32,Jeffrey,Laura,5,05-10-2018,05-10-2018,9000090028,x.x@perficient.com
33,Ryan,Cynthia,6,05-10-2018,05-10-2018,9000090029,x.x@perficient.com
34,Jacob,Kathleen,1,05-10-2018,05-10-2018,9000090030,x.x@perficient.com
35,Gary,Amy,2,05-10-2018,05-10-2018,9000090031,x.x@perficient.com
36,Nicholas,Shirley,3,05-10-2018,05-10-2018,9000090032,x.x@perficient.com
37,Eric,Angela,4,05-10-2018,05-10-2018,9000090033,x.x@perficient.com
38,Jonathan,Helen,5,05-10-2018,05-10-2018,9000090034,x.x@perficient.com
39,Stephen,Anna,6,05-10-2018,05-10-2018,9000090035,x.x@perficient.com
40,Larry,Brenda,1,05-10-2018,05-10-2018,9000090036,x.x@perficient.com
41,Justin,Pamela,2,05-10-2018,05-10-2018,9000090037,x.x@perficient.com
42,Scott,Nicole,3,05-10-2018,05-10-2018,9000090038,x.x@perficient.com
43,Brandon,Emma,4,05-10-2018,05-10-2018,9000090039,x.x@perficient.com
44,Benjamin,Samantha,5,05-10-2018,05-10-2018,9000090040,x.x@perficient.com
45,Samuel,Katherine,6,05-10-2018,05-10-2018,9000090041,x.x@perficient.com
46,Gregory,Christine,1,05-10-2018,05-10-2018,9000090042,x.x@perficient.com
47,Frank,Debra,2,05-10-2018,05-10-2018,9000090043,x.x@perficient.com
48,Alexander,Rachel,3,05-10-2018,05-10-2018,9000090044,x.x@perficient.com
49,Raymond,Catherine,4,05-10-2018,05-10-2018,9000090045,x.x@perficient.com
50,Patrick,Carolyn,5,05-10-2018,05-10-2018,9000090046,x.x@perficient.com
51,Jack,Janet,6,05-10-2018,05-10-2018,9000090047,x.x@perficient.com
52,Dennis,Ruth,2,05-10-2018,05-10-2018,9000090048,x.x@perficient.com
53,Jerry,Maria,2,05-10-2018,05-10-2018,9000090049,x.x@perficient.com
54,Tyler,Heather,3,05-10-2018,05-10-2018,9000090050,x.x@perficient.com
55,Aaron,Diane,4,05-10-2018,05-10-2018,9000090051,x.x@perficient.com
56,Jose,Virginia,5,05-10-2018,05-10-2018,9000090052,x.x@perficient.com
57,Adam,Julie,6,05-10-2018,05-10-2018,9000090053,x.x@perficient.com
58,Henry,Joyce,1,05-10-2018,05-10-2018,9000090054,x.x@perficient.com
59,Nathan,Victoria,2,05-10-2018,05-10-2018,9000090055,x.x@perficient.com
60,Douglas,Olivia,3,05-10-2018,05-10-2018,9000090056,x.x@perficient.com
61,Zachary,Kelly,4,05-10-2018,05-10-2018,9000090057,x.x@perficient.com
62,Peter,Christina,5,05-10-2018,05-10-2018,9000090058,x.x@perficient.com
63,Kyle,Lauren,6,05-10-2018,05-10-2018,9000090059,x.x@perficient.com
64,Walter,Joan,2,05-10-2018,05-10-2018,9000090060,x.x@perficient.com
65,Ethan,Evelyn,2,05-10-2018,05-10-2018,9000090061,x.x@perficient.com
66,Jeremy,Judith,5,05-10-2018,05-10-2018,9000090062,x.x@perficient.com
67,Harold,Megan,4,05-10-2018,05-10-2018,9000090063,x.x@perficient.com
68,Keith,Cheryl,5,05-10-2018,05-10-2018,9000090064,x.x@perficient.com
69,Christian,Andrea,6,05-10-2018,05-10-2018,9000090065,x.x@perficient.com
70,Roger,Hannah,1,05-10-2018,05-10-2018,9000090066,x.x@perficient.com
71,Noah,Martha,2,05-10-2018,05-10-2018,9000090067,x.x@perficient.com
72,Gerald,Jacqueline,5,05-10-2018,05-10-2018,9000090068,x.x@perficient.com
73,Carl,Frances,4,05-10-2018,05-10-2018,9000090069,x.x@perficient.com
74,Terry,Gloria,5,05-10-2018,05-10-2018,9000090070,x.x@perficient.com
75,Sean,Ann,6,05-10-2018,05-10-2018,9000090071,x.x@perficient.com
76,Austin,Teresa,1,05-10-2018,05-10-2018,9000090072,x.x@perficient.com
77,Arthur,Kathryn,2,05-10-2018,05-10-2018,9000090073,x.x@perficient.com
78,Lawrence,Sara,5,05-10-2018,05-10-2018,9000090074,x.x@perficient.com
79,Jesse,Janice,4,05-10-2018,05-10-2018,9000090075,x.x@perficient.com
80,Dylan,Jean,5,05-10-2018,05-10-2018,9000090076,x.x@perficient.com
81,Bryan,Alice,6,05-10-2018,05-10-2018,9000090077,x.x@perficient.com
82,Joe,Madison,1,05-10-2018,05-10-2018,9000090078,x.x@perficient.com
83,Jordan,Doris,2,05-10-2018,05-10-2018,9000090079,x.x@perficient.com
84,Billy,Abigail,3,05-10-2018,05-10-2018,9000090080,x.x@perficient.com
85,Bruce,Julia,4,05-10-2018,05-10-2018,9000090081,x.x@perficient.com
86,Albert,Judy,5,05-10-2018,05-10-2018,9000090082,x.x@perficient.com
87,Willie,Grace,6,05-10-2018,05-10-2018,9000090083,x.x@perficient.com
88,Gabriel,Denise,1,05-10-2018,05-10-2018,9000090084,x.x@perficient.com
89,Logan,Amber,2,05-10-2018,05-10-2018,9000090085,x.x@perficient.com
90,Alan,Marilyn,3,05-10-2018,05-10-2018,9000090086,x.x@perficient.com
91,Juan,Beverly,4,05-10-2018,05-10-2018,9000090087,x.x@perficient.com
92,Wayne,Danielle,5,05-10-2018,05-10-2018,9000090088,x.x@perficient.com
93,Roy,Theresa,6,05-10-2018,05-10-2018,9000090089,x.x@perficient.com
94,Ralph,Sophia,1,05-10-2018,05-10-2018,9000090090,x.x@perficient.com
95,Randy,Marie,2,05-10-2018,05-10-2018,9000090091,x.x@perficient.com
96,Eugene,Diana,3,05-10-2018,05-10-2018,9000090092,x.x@perficient.com
97,Vincent,Brittany,4,05-10-2018,05-10-2018,9000090093,x.x@perficient.com
98,Russell,Natalie,5,05-10-2018,05-10-2018,9000090094,x.x@perficient.com
99,Elijah,Isabella,6,05-10-2018,05-10-2018,9000090095,x.x@perficient.com
100,Louis,Charlotte,6,05-10-2018,05-10-2018,9000090096,x.x@perficient.com
101,Bobby,Rose,6,05-10-2018,05-10-2018,9000090097,x.x@perficient.com
